dtreffre,numdep,nomdep,numregi,nomregi,aah_tx,beneficiaires,lieures,date
2025-10,974,LA REUNION,04,LA REUNION,AAH à taux plein,16410,LA REUNION/LA REUNION,2025-10-01
2025-10,974,LA REUNION,04,LA REUNION,AAH à taux partiel,6563,LA REUNION/LA REUNION,2025-10-01
2025-09,974,LA REUNION,04,LA REUNION,AAH à taux partiel,6525,LA REUNION/LA REUNION,2025-09-01
2025-08,974,LA REUNION,04,LA REUNION,AAH à taux plein,16358,LA REUNION/LA REUNION,2025-08-01
2025-05,974,LA REUNION,04,LA REUNION,AAH à taux plein,16310,LA REUNION/LA REUNION,2025-05-01
2025-05,974,LA REUNION,04,LA REUNION,AAH à taux partiel,6438,LA REUNION/LA REUNION,2025-05-01
2025-04,974,LA REUNION,04,LA REUNION,AAH à taux plein,16311,LA REUNION/LA REUNION,2025-04-01
2025-04,974,LA REUNION,04,LA REUNION,AAH à taux partiel,6449,LA REUNION/LA REUNION,2025-04-01
2025-03,974,LA REUNION,04,LA REUNION,AAH à taux plein,16280,LA REUNION/LA REUNION,2025-03-01
2021-01,974,LA REUNION,04,LA REUNION,AAH à taux partiel,5758,LA REUNION/LA REUNION,2021-01-01
2020-10,974,LA REUNION,04,LA REUNION,AAH à taux partiel,5837,LA REUNION/LA REUNION,2020-10-01
2021-04,974,LA REUNION,04,LA REUNION,AAH à taux plein,15554,LA REUNION/LA REUNION,2021-04-01
2021-03,974,LA REUNION,04,LA REUNION,AAH à taux partiel,5862,LA REUNION/LA REUNION,2021-03-01
2020-11,974,LA REUNION,04,LA REUNION,AAH à taux plein,15291,LA REUNION/LA REUNION,2020-11-01
2020-11,974,LA REUNION,04,LA REUNION,AAH à taux partiel,5848,LA REUNION/LA REUNION,2020-11-01
2021-06,974,LA REUNION,04,LA REUNION,AAH à taux partiel,5985,LA REUNION/LA REUNION,2021-06-01
2021-11,974,LA REUNION,04,LA REUNION,AAH à taux plein,15579,LA REUNION/LA REUNION,2021-11-01
2021-11,974,LA REUNION,04,LA REUNION,AAH à taux partiel,6029,LA REUNION/LA REUNION,2021-11-01
2018-07,974,LA REUNION,04,LA REUNION,AAH à taux partiel,5248,LA REUNION/LA REUNION,2018-07-01
2018-06,974,LA REUNION,04,LA REUNION,AAH à taux plein,14724,LA REUNION/LA REUNION,2018-06-01
2018-06,974,LA REUNION,04,LA REUNION,AAH à taux partiel,5232,LA REUNION/LA REUNION,2018-06-01
2020-04,974,LA REUNION,04,LA REUNION,AAH à taux partiel,5684,LA REUNION/LA REUNION,2020-04-01
2020-03,974,LA REUNION,04,LA REUNION,AAH à taux partiel,5633,LA REUNION/LA REUNION,2020-03-01
2020-02,974,LA REUNION,04,LA REUNION,AAH à taux plein,14964,LA REUNION/LA REUNION,2020-02-01
2020-02,974,LA REUNION,04,LA REUNION,AAH à taux partiel,5585,LA REUNION/LA REUNION,2020-02-01
2019-07,974,LA REUNION,04,LA REUNION,AAH à taux partiel,5476,LA REUNION/LA REUNION,2019-07-01
2019-06,974,LA REUNION,04,LA REUNION,AAH à taux partiel,5461,LA REUNION/LA REUNION,2019-06-01
2018-08,974,LA REUNION,04,LA REUNION,AAH à taux plein,14729,LA REUNION/LA REUNION,2018-08-01
2019-01,974,LA REUNION,04,LA REUNION,AAH à taux partiel,5400,LA REUNION/LA REUNION,2019-01-01
2018-12,974,LA REUNION,04,LA REUNION,AAH à taux partiel,5458,LA REUNION/LA REUNION,2018-12-01
2018-11,974,LA REUNION,04,LA REUNION,AAH à taux plein,14764,LA REUNION/LA REUNION,2018-11-01
2018-11,974,LA REUNION,04,LA REUNION,AAH à taux partiel,5406,LA REUNION/LA REUNION,2018-11-01
2018-02,974,LA REUNION,04,LA REUNION,AAH à taux plein,14539,LA REUNION/LA REUNION,2018-02-01
2018-01,974,LA REUNION,04,LA REUNION,AAH à taux partiel,5026,LA REUNION/LA REUNION,2018-01-01
2019-12,974,LA REUNION,04,LA REUNION,AAH à taux plein,15067,LA REUNION/LA REUNION,2019-12-01
2019-11,974,LA REUNION,04,LA REUNION,AAH à taux plein,15044,LA REUNION/LA REUNION,2019-11-01
2019-10,974,LA REUNION,04,LA REUNION,AAH à taux plein,15101,LA REUNION/LA REUNION,2019-10-01
2025-12,974,LA REUNION,04,LA REUNION,AAH à taux partiel,6626,LA REUNION/LA REUNION,2025-12-01
2025-11,974,LA REUNION,04,LA REUNION,AAH à taux plein,16459,LA REUNION/LA REUNION,2025-11-01
2025-01,974,LA REUNION,04,LA REUNION,AAH à taux partiel,6300,LA REUNION/LA REUNION,2025-01-01
2024-11,974,LA REUNION,04,LA REUNION,AAH à taux partiel,6466,LA REUNION/LA REUNION,2024-11-01
2024-09,974,LA REUNION,04,LA REUNION,AAH à taux plein,16436,LA REUNION/LA REUNION,2024-09-01
2024-07,974,LA REUNION,04,LA REUNION,AAH à taux plein,16445,LA REUNION/LA REUNION,2024-07-01
2024-06,974,LA REUNION,04,LA REUNION,AAH à taux partiel,6328,LA REUNION/LA REUNION,2024-06-01
2023-05,974,LA REUNION,04,LA REUNION,AAH à taux plein,15859,LA REUNION/LA REUNION,2023-05-01
2023-03,974,LA REUNION,04,LA REUNION,AAH à taux plein,15760,LA REUNION/LA REUNION,2023-03-01
2023-03,974,LA REUNION,04,LA REUNION,AAH à taux partiel,5859,LA REUNION/LA REUNION,2023-03-01
2022-11,974,LA REUNION,04,LA REUNION,AAH à taux plein,15809,LA REUNION/LA REUNION,2022-11-01
2022-11,974,LA REUNION,04,LA REUNION,AAH à taux partiel,5894,LA REUNION/LA REUNION,2022-11-01
2022-10,974,LA REUNION,04,LA REUNION,AAH à taux partiel,5871,LA REUNION/LA REUNION,2022-10-01
2022-09,974,LA REUNION,04,LA REUNION,AAH à taux plein,15836,LA REUNION/LA REUNION,2022-09-01
2022-08,974,LA REUNION,04,LA REUNION,AAH à taux partiel,5866,LA REUNION/LA REUNION,2022-08-01
2022-04,974,LA REUNION,04,LA REUNION,AAH à taux plein,15783,LA REUNION/LA REUNION,2022-04-01
2024-02,974,LA REUNION,04,LA REUNION,AAH à taux plein,16321,LA REUNION/LA REUNION,2024-02-01
2023-12,974,LA REUNION,04,LA REUNION,AAH à taux plein,16325,LA REUNION/LA REUNION,2023-12-01
2023-12,974,LA REUNION,04,LA REUNION,AAH à taux partiel,6061,LA REUNION/LA REUNION,2023-12-01
2023-11,974,LA REUNION,04,LA REUNION,AAH à taux plein,16249,LA REUNION/LA REUNION,2023-11-01
2023-11,974,LA REUNION,04,LA REUNION,AAH à taux partiel,6010,LA REUNION/LA REUNION,2023-11-01
2023-09,974,LA REUNION,04,LA REUNION,AAH à taux partiel,6065,LA REUNION/LA REUNION,2023-09-01
2022-02,974,LA REUNION,04,LA REUNION,AAH à taux partiel,5603,LA REUNION/LA REUNION,2022-02-01
2024-05,974,LA REUNION,04,LA REUNION,AAH à taux partiel,6315,LA REUNION/LA REUNION,2024-05-01
2024-04,974,LA REUNION,04,LA REUNION,AAH à taux partiel,6313,LA REUNION/LA REUNION,2024-04-01
2024-03,974,LA REUNION,04,LA REUNION,AAH à taux plein,16399,LA REUNION/LA REUNION,2024-03-01
2017-10,974,LA REUNION,04,LA REUNION,AAH à taux partiel,5053,LA REUNION/LA REUNION,2017-10-01
2017-11,974,LA REUNION,04,LA REUNION,AAH à taux plein,14463,LA REUNION/LA REUNION,2017-11-01
2017-11,974,LA REUNION,04,LA REUNION,AAH à taux partiel,5081,LA REUNION/LA REUNION,2017-11-01
2017-06,974,LA REUNION,04,LA REUNION,AAH à taux plein,14197,LA REUNION/LA REUNION,2017-06-01
2017-05,974,LA REUNION,04,LA REUNION,AAH à taux partiel,4879,LA REUNION/LA REUNION,2017-05-01
2017-03,974,LA REUNION,04,LA REUNION,AAH à taux plein,14012,LA REUNION/LA REUNION,2017-03-01
2017-01,974,LA REUNION,04,LA REUNION,AAH à taux plein,13861,LA REUNION/LA REUNION,2017-01-01
2016-07,974,LA REUNION,04,LA REUNION,AAH à taux plein,13499,LA REUNION/LA REUNION,2016-07-01
2016-12,974,LA REUNION,04,LA REUNION,AAH à taux plein,13737,LA REUNION/LA REUNION,2016-12-01
2019-03,974,LA REUNION,04,LA REUNION,AAH à taux plein,14806,LA REUNION/LA REUNION,2019-03-01
2019-03,974,LA REUNION,04,LA REUNION,AAH à taux partiel,5466,LA REUNION/LA REUNION,2019-03-01
2020-01,974,LA REUNION,04,LA REUNION,AAH à taux partiel,5567,LA REUNION/LA REUNION,2020-01-01
2020-04,974,LA REUNION,04,LA REUNION,AAH à taux plein,15077,LA REUNION/LA REUNION,2020-04-01
2019-07,974,LA REUNION,04,LA REUNION,AAH à taux plein,14976,LA REUNION/LA REUNION,2019-07-01
2026-02,974,LA REUNION,04,LA REUNION,AAH à taux plein,16441,LA REUNION/LA REUNION,2026-02-01
2024-10,974,LA REUNION,04,LA REUNION,AAH à taux plein,16381,LA REUNION/LA REUNION,2024-10-01
2024-10,974,LA REUNION,04,LA REUNION,AAH à taux partiel,6476,LA REUNION/LA REUNION,2024-10-01
2024-08,974,LA REUNION,04,LA REUNION,AAH à taux plein,16437,LA REUNION/LA REUNION,2024-08-01
2023-04,974,LA REUNION,04,LA REUNION,AAH à taux partiel,5957,LA REUNION/LA REUNION,2023-04-01
2022-12,974,LA REUNION,04,LA REUNION,AAH à taux plein,15798,LA REUNION/LA REUNION,2022-12-01
2022-10,974,LA REUNION,04,LA REUNION,AAH à taux plein,15838,LA REUNION/LA REUNION,2022-10-01
2022-06,974,LA REUNION,04,LA REUNION,AAH à taux plein,15788,LA REUNION/LA REUNION,2022-06-01
2022-06,974,LA REUNION,04,LA REUNION,AAH à taux partiel,5825,LA REUNION/LA REUNION,2022-06-01
2023-09,974,LA REUNION,04,LA REUNION,AAH à taux plein,15919,LA REUNION/LA REUNION,2023-09-01
2022-08,974,LA REUNION,04,LA REUNION,AAH à taux plein,15847,LA REUNION/LA REUNION,2022-08-01
2022-05,974,LA REUNION,04,LA REUNION,AAH à taux partiel,5823,LA REUNION/LA REUNION,2022-05-01
2022-03,974,LA REUNION,04,LA REUNION,AAH à taux plein,15790,LA REUNION/LA REUNION,2022-03-01
2024-04,974,LA REUNION,04,LA REUNION,AAH à taux plein,16441,LA REUNION/LA REUNION,2024-04-01
2024-03,974,LA REUNION,04,LA REUNION,AAH à taux partiel,6052,LA REUNION/LA REUNION,2024-03-01
2024-02,974,LA REUNION,04,LA REUNION,AAH à taux partiel,5986,LA REUNION/LA REUNION,2024-02-01
2024-01,974,LA REUNION,04,LA REUNION,AAH à taux partiel,5947,LA REUNION/LA REUNION,2024-01-01
2023-07,974,LA REUNION,04,LA REUNION,AAH à taux plein,15903,LA REUNION/LA REUNION,2023-07-01
2023-07,974,LA REUNION,04,LA REUNION,AAH à taux partiel,5969,LA REUNION/LA REUNION,2023-07-01
2022-02,974,LA REUNION,04,LA REUNION,AAH à taux plein,15731,LA REUNION/LA REUNION,2022-02-01
2022-01,974,LA REUNION,04,LA REUNION,AAH à taux partiel,5585,LA REUNION/LA REUNION,2022-01-01
2025-09,974,LA REUNION,04,LA REUNION,AAH à taux plein,16412,LA REUNION/LA REUNION,2025-09-01
2025-07,974,LA REUNION,04,LA REUNION,AAH à taux partiel,6485,LA REUNION/LA REUNION,2025-07-01
2025-06,974,LA REUNION,04,LA REUNION,AAH à taux plein,16321,LA REUNION/LA REUNION,2025-06-01
2025-06,974,LA REUNION,04,LA REUNION,AAH à taux partiel,6480,LA REUNION/LA REUNION,2025-06-01
2025-03,974,LA REUNION,04,LA REUNION,AAH à taux partiel,6393,LA REUNION/LA REUNION,2025-03-01
2025-02,974,LA REUNION,04,LA REUNION,AAH à taux plein,16284,LA REUNION/LA REUNION,2025-02-01
2025-02,974,LA REUNION,04,LA REUNION,AAH à taux partiel,6373,LA REUNION/LA REUNION,2025-02-01
2025-01,974,LA REUNION,04,LA REUNION,AAH à taux plein,16259,LA REUNION/LA REUNION,2025-01-01
2024-12,974,LA REUNION,04,LA REUNION,AAH à taux plein,16399,LA REUNION/LA REUNION,2024-12-01
2024-12,974,LA REUNION,04,LA REUNION,AAH à taux partiel,6516,LA REUNION/LA REUNION,2024-12-01
2024-11,974,LA REUNION,04,LA REUNION,AAH à taux plein,16401,LA REUNION/LA REUNION,2024-11-01
2020-12,974,LA REUNION,04,LA REUNION,AAH à taux plein,15352,LA REUNION/LA REUNION,2020-12-01
2021-05,974,LA REUNION,04,LA REUNION,AAH à taux partiel,5946,LA REUNION/LA REUNION,2021-05-01
2021-04,974,LA REUNION,04,LA REUNION,AAH à taux partiel,5905,LA REUNION/LA REUNION,2021-04-01
2021-03,974,LA REUNION,04,LA REUNION,AAH à taux plein,15525,LA REUNION/LA REUNION,2021-03-01
2021-02,974,LA REUNION,04,LA REUNION,AAH à taux partiel,5803,LA REUNION/LA REUNION,2021-02-01
2021-01,974,LA REUNION,04,LA REUNION,AAH à taux plein,15430,LA REUNION/LA REUNION,2021-01-01
2020-10,974,LA REUNION,04,LA REUNION,AAH à taux plein,15313,LA REUNION/LA REUNION,2020-10-01
2020-09,974,LA REUNION,04,LA REUNION,AAH à taux plein,15280,LA REUNION/LA REUNION,2020-09-01
2021-10,974,LA REUNION,04,LA REUNION,AAH à taux plein,15589,LA REUNION/LA REUNION,2021-10-01
2021-10,974,LA REUNION,04,LA REUNION,AAH à taux partiel,6002,LA REUNION/LA REUNION,2021-10-01
2021-09,974,LA REUNION,04,LA REUNION,AAH à taux plein,15590,LA REUNION/LA REUNION,2021-09-01
2021-09,974,LA REUNION,04,LA REUNION,AAH à taux partiel,5999,LA REUNION/LA REUNION,2021-09-01
2021-08,974,LA REUNION,04,LA REUNION,AAH à taux partiel,5974,LA REUNION/LA REUNION,2021-08-01
2021-12,974,LA REUNION,04,LA REUNION,AAH à taux plein,1,LA REUNION/LA REUNION,2021-12-01
2021-07,974,LA REUNION,04,LA REUNION,AAH à taux plein,15630,LA REUNION/LA REUNION,2021-07-01
2020-08,974,LA REUNION,04,LA REUNION,AAH à taux partiel,5832,LA REUNION/LA REUNION,2020-08-01
2019-01,974,LA REUNION,04,LA REUNION,AAH à taux plein,14772,LA REUNION/LA REUNION,2019-01-01
2018-05,974,LA REUNION,04,LA REUNION,AAH à taux partiel,5170,LA REUNION/LA REUNION,2018-05-01
2018-04,974,LA REUNION,04,LA REUNION,AAH à taux partiel,5164,LA REUNION/LA REUNION,2018-04-01
2018-01,974,LA REUNION,04,LA REUNION,AAH à taux plein,14518,LA REUNION/LA REUNION,2018-01-01
2019-05,974,LA REUNION,04,LA REUNION,AAH à taux plein,14943,LA REUNION/LA REUNION,2019-05-01
2017-10,974,LA REUNION,04,LA REUNION,AAH à taux plein,14418,LA REUNION/LA REUNION,2017-10-01
2017-05,974,LA REUNION,04,LA REUNION,AAH à taux plein,14117,LA REUNION/LA REUNION,2017-05-01
2017-04,974,LA REUNION,04,LA REUNION,AAH à taux partiel,4854,LA REUNION/LA REUNION,2017-04-01
2017-03,974,LA REUNION,04,LA REUNION,AAH à taux partiel,4760,LA REUNION/LA REUNION,2017-03-01
2017-02,974,LA REUNION,04,LA REUNION,AAH à taux partiel,4721,LA REUNION/LA REUNION,2017-02-01
2017-01,974,LA REUNION,04,LA REUNION,AAH à taux partiel,4683,LA REUNION/LA REUNION,2017-01-01
2017-12,974,LA REUNION,04,LA REUNION,AAH à taux partiel,5119,LA REUNION/LA REUNION,2017-12-01
2017-07,974,LA REUNION,04,LA REUNION,AAH à taux plein,14224,LA REUNION/LA REUNION,2017-07-01
2017-06,974,LA REUNION,04,LA REUNION,AAH à taux partiel,4918,LA REUNION/LA REUNION,2017-06-01
2018-12,974,LA REUNION,04,LA REUNION,AAH à taux plein,14781,LA REUNION/LA REUNION,2018-12-01
2018-10,974,LA REUNION,04,LA REUNION,AAH à taux partiel,5292,LA REUNION/LA REUNION,2018-10-01
2018-09,974,LA REUNION,04,LA REUNION,AAH à taux plein,14745,LA REUNION/LA REUNION,2018-09-01
2018-07,974,LA REUNION,04,LA REUNION,AAH à taux plein,14714,LA REUNION/LA REUNION,2018-07-01
2018-03,974,LA REUNION,04,LA REUNION,AAH à taux plein,14603,LA REUNION/LA REUNION,2018-03-01
2019-12,974,LA REUNION,04,LA REUNION,AAH à taux partiel,5803,LA REUNION/LA REUNION,2019-12-01
2019-08,974,LA REUNION,04,LA REUNION,AAH à taux plein,15037,LA REUNION/LA REUNION,2019-08-01
2019-08,974,LA REUNION,04,LA REUNION,AAH à taux partiel,5503,LA REUNION/LA REUNION,2019-08-01
2016-08,974,LA REUNION,04,LA REUNION,AAH à taux plein,13526,LA REUNION/LA REUNION,2016-08-01
2016-06,974,LA REUNION,04,LA REUNION,AAH à taux partiel,4647,LA REUNION/LA REUNION,2016-06-01
2016-12,974,LA REUNION,04,LA REUNION,AAH à taux partiel,4833,LA REUNION/LA REUNION,2016-12-01
2016-11,974,LA REUNION,04,LA REUNION,AAH à taux partiel,4823,LA REUNION/LA REUNION,2016-11-01
2016-10,974,LA REUNION,04,LA REUNION,AAH à taux plein,13579,LA REUNION/LA REUNION,2016-10-01
2016-10,974,LA REUNION,04,LA REUNION,AAH à taux partiel,4790,LA REUNION/LA REUNION,2016-10-01
2019-11,974,LA REUNION,04,LA REUNION,AAH à taux partiel,5780,LA REUNION/LA REUNION,2019-11-01
2019-10,974,LA REUNION,04,LA REUNION,AAH à taux partiel,5563,LA REUNION/LA REUNION,2019-10-01
2019-09,974,LA REUNION,04,LA REUNION,AAH à taux plein,15078,LA REUNION/LA REUNION,2019-09-01
2019-09,974,LA REUNION,04,LA REUNION,AAH à taux partiel,5538,LA REUNION/LA REUNION,2019-09-01
2016-09,974,LA REUNION,04,LA REUNION,AAH à taux plein,13557,LA REUNION/LA REUNION,2016-09-01
2016-09,974,LA REUNION,04,LA REUNION,AAH à taux partiel,4759,LA REUNION/LA REUNION,2016-09-01
2016-08,974,LA REUNION,04,LA REUNION,AAH à taux partiel,4718,LA REUNION/LA REUNION,2016-08-01
2016-07,974,LA REUNION,04,LA REUNION,AAH à taux partiel,4690,LA REUNION/LA REUNION,2016-07-01
2016-11,974,LA REUNION,04,LA REUNION,AAH à taux plein,13652,LA REUNION/LA REUNION,2016-11-01
2016-06,974,LA REUNION,04,LA REUNION,AAH à taux plein,13466,LA REUNION/LA REUNION,2016-06-01
2018-10,974,LA REUNION,04,LA REUNION,AAH à taux plein,14767,LA REUNION/LA REUNION,2018-10-01
2018-09,974,LA REUNION,04,LA REUNION,AAH à taux partiel,5264,LA REUNION/LA REUNION,2018-09-01
2018-08,974,LA REUNION,04,LA REUNION,AAH à taux partiel,5246,LA REUNION/LA REUNION,2018-08-01
2018-05,974,LA REUNION,04,LA REUNION,AAH à taux plein,14733,LA REUNION/LA REUNION,2018-05-01
2018-04,974,LA REUNION,04,LA REUNION,AAH à taux plein,14671,LA REUNION/LA REUNION,2018-04-01
2018-03,974,LA REUNION,04,LA REUNION,AAH à taux partiel,5107,LA REUNION/LA REUNION,2018-03-01
2018-02,974,LA REUNION,04,LA REUNION,AAH à taux partiel,5066,LA REUNION/LA REUNION,2018-02-01
2019-02,974,LA REUNION,04,LA REUNION,AAH à taux plein,14804,LA REUNION/LA REUNION,2019-02-01
2019-02,974,LA REUNION,04,LA REUNION,AAH à taux partiel,5411,LA REUNION/LA REUNION,2019-02-01
2017-12,974,LA REUNION,04,LA REUNION,AAH à taux plein,14502,LA REUNION/LA REUNION,2017-12-01
2017-09,974,LA REUNION,04,LA REUNION,AAH à taux plein,14356,LA REUNION/LA REUNION,2017-09-01
2017-09,974,LA REUNION,04,LA REUNION,AAH à taux partiel,5019,LA REUNION/LA REUNION,2017-09-01
2017-08,974,LA REUNION,04,LA REUNION,AAH à taux plein,14315,LA REUNION/LA REUNION,2017-08-01
2017-08,974,LA REUNION,04,LA REUNION,AAH à taux partiel,4976,LA REUNION/LA REUNION,2017-08-01
2017-07,974,LA REUNION,04,LA REUNION,AAH à taux partiel,4928,LA REUNION/LA REUNION,2017-07-01
2017-04,974,LA REUNION,04,LA REUNION,AAH à taux plein,14059,LA REUNION/LA REUNION,2017-04-01
2017-02,974,LA REUNION,04,LA REUNION,AAH à taux plein,13936,LA REUNION/LA REUNION,2017-02-01
2026-02,974,LA REUNION,04,LA REUNION,AAH à taux partiel,6474,LA REUNION/LA REUNION,2026-02-01
2026-01,974,LA REUNION,04,LA REUNION,AAH à taux plein,16439,LA REUNION/LA REUNION,2026-01-01
2026-01,974,LA REUNION,04,LA REUNION,AAH à taux partiel,6443,LA REUNION/LA REUNION,2026-01-01
2025-12,974,LA REUNION,04,LA REUNION,AAH à taux plein,16463,LA REUNION/LA REUNION,2025-12-01
2025-11,974,LA REUNION,04,LA REUNION,AAH à taux partiel,6580,LA REUNION/LA REUNION,2025-11-01
2025-08,974,LA REUNION,04,LA REUNION,AAH à taux partiel,6504,LA REUNION/LA REUNION,2025-08-01
2024-08,974,LA REUNION,04,LA REUNION,AAH à taux partiel,6385,LA REUNION/LA REUNION,2024-08-01
2023-10,974,LA REUNION,04,LA REUNION,AAH à taux plein,16182,LA REUNION/LA REUNION,2023-10-01
2023-10,974,LA REUNION,04,LA REUNION,AAH à taux partiel,6005,LA REUNION/LA REUNION,2023-10-01
2023-08,974,LA REUNION,04,LA REUNION,AAH à taux plein,15908,LA REUNION/LA REUNION,2023-08-01
2023-08,974,LA REUNION,04,LA REUNION,AAH à taux partiel,6012,LA REUNION/LA REUNION,2023-08-01
2025-07,974,LA REUNION,04,LA REUNION,AAH à taux plein,16284,LA REUNION/LA REUNION,2025-07-01
2024-09,974,LA REUNION,04,LA REUNION,AAH à taux partiel,6439,LA REUNION/LA REUNION,2024-09-01
2024-07,974,LA REUNION,04,LA REUNION,AAH à taux partiel,6354,LA REUNION/LA REUNION,2024-07-01
2024-06,974,LA REUNION,04,LA REUNION,AAH à taux plein,16481,LA REUNION/LA REUNION,2024-06-01
2023-05,974,LA REUNION,04,LA REUNION,AAH à taux partiel,5955,LA REUNION/LA REUNION,2023-05-01
2023-04,974,LA REUNION,04,LA REUNION,AAH à taux plein,15829,LA REUNION/LA REUNION,2023-04-01
2023-02,974,LA REUNION,04,LA REUNION,AAH à taux plein,15722,LA REUNION/LA REUNION,2023-02-01
2023-02,974,LA REUNION,04,LA REUNION,AAH à taux partiel,5804,LA REUNION/LA REUNION,2023-02-01
2023-01,974,LA REUNION,04,LA REUNION,AAH à taux plein,15752,LA REUNION/LA REUNION,2023-01-01
2023-01,974,LA REUNION,04,LA REUNION,AAH à taux partiel,5767,LA REUNION/LA REUNION,2023-01-01
2022-12,974,LA REUNION,04,LA REUNION,AAH à taux partiel,5933,LA REUNION/LA REUNION,2022-12-01
2022-09,974,LA REUNION,04,LA REUNION,AAH à taux partiel,5884,LA REUNION/LA REUNION,2022-09-01
2022-07,974,LA REUNION,04,LA REUNION,AAH à taux plein,15804,LA REUNION/LA REUNION,2022-07-01
2022-07,974,LA REUNION,04,LA REUNION,AAH à taux partiel,5861,LA REUNION/LA REUNION,2022-07-01
2022-05,974,LA REUNION,04,LA REUNION,AAH à taux plein,15789,LA REUNION/LA REUNION,2022-05-01
2022-04,974,LA REUNION,04,LA REUNION,AAH à taux partiel,5794,LA REUNION/LA REUNION,2022-04-01
2022-03,974,LA REUNION,04,LA REUNION,AAH à taux partiel,5661,LA REUNION/LA REUNION,2022-03-01
2024-01,974,LA REUNION,04,LA REUNION,AAH à taux plein,16278,LA REUNION/LA REUNION,2024-01-01
2023-06,974,LA REUNION,04,LA REUNION,AAH à taux plein,15926,LA REUNION/LA REUNION,2023-06-01
2023-06,974,LA REUNION,04,LA REUNION,AAH à taux partiel,5958,LA REUNION/LA REUNION,2023-06-01
2024-05,974,LA REUNION,04,LA REUNION,AAH à taux plein,16487,LA REUNION/LA REUNION,2024-05-01
2020-05,974,LA REUNION,04,LA REUNION,AAH à taux plein,15149,LA REUNION/LA REUNION,2020-05-01
2020-05,974,LA REUNION,04,LA REUNION,AAH à taux partiel,5729,LA REUNION/LA REUNION,2020-05-01
2020-03,974,LA REUNION,04,LA REUNION,AAH à taux plein,14986,LA REUNION/LA REUNION,2020-03-01
2020-01,974,LA REUNION,04,LA REUNION,AAH à taux plein,14970,LA REUNION/LA REUNION,2020-01-01
2019-06,974,LA REUNION,04,LA REUNION,AAH à taux plein,14990,LA REUNION/LA REUNION,2019-06-01
2019-05,974,LA REUNION,04,LA REUNION,AAH à taux partiel,5511,LA REUNION/LA REUNION,2019-05-01
2019-04,974,LA REUNION,04,LA REUNION,AAH à taux partiel,5510,LA REUNION/LA REUNION,2019-04-01
2019-04,974,LA REUNION,04,LA REUNION,AAH à taux plein,14867,LA REUNION/LA REUNION,2019-04-01
2021-08,974,LA REUNION,04,LA REUNION,AAH à taux plein,15605,LA REUNION/LA REUNION,2021-08-01
2022-01,974,LA REUNION,04,LA REUNION,AAH à taux plein,15726,LA REUNION/LA REUNION,2022-01-01
2021-07,974,LA REUNION,04,LA REUNION,AAH à taux partiel,5950,LA REUNION/LA REUNION,2021-07-01
2021-06,974,LA REUNION,04,LA REUNION,AAH à taux plein,15585,LA REUNION/LA REUNION,2021-06-01
2021-12,974,LA REUNION,04,LA REUNION,AAH à taux plein,15539,LA REUNION/LA REUNION,2021-12-01
2021-12,974,LA REUNION,04,LA REUNION,AAH à taux partiel,6055,LA REUNION/LA REUNION,2021-12-01
2021-05,974,LA REUNION,04,LA REUNION,AAH à taux plein,15573,LA REUNION/LA REUNION,2021-05-01
2021-02,974,LA REUNION,04,LA REUNION,AAH à taux plein,15458,LA REUNION/LA REUNION,2021-02-01
2020-12,974,LA REUNION,04,LA REUNION,AAH à taux partiel,5873,LA REUNION/LA REUNION,2020-12-01
2020-09,974,LA REUNION,04,LA REUNION,AAH à taux partiel,5826,LA REUNION/LA REUNION,2020-09-01
2020-08,974,LA REUNION,04,LA REUNION,AAH à taux plein,15260,LA REUNION/LA REUNION,2020-08-01
2020-07,974,LA REUNION,04,LA REUNION,AAH à taux plein,15224,LA REUNION/LA REUNION,2020-07-01
2020-07,974,LA REUNION,04,LA REUNION,AAH à taux partiel,5805,LA REUNION/LA REUNION,2020-07-01
2020-06,974,LA REUNION,04,LA REUNION,AAH à taux plein,15189,LA REUNION/LA REUNION,2020-06-01
2020-06,974,LA REUNION,04,LA REUNION,AAH à taux partiel,5816,LA REUNION/LA REUNION,2020-06-01
