dtreffre,numdep,nomdep,numregi,nomregi,aah_tx_inca,beneficiaires,lieures,date
2026-02,974,LA REUNION,04,LA REUNION,Taux d’incapacité supérieur ou égal à 80%,11427,LA REUNION/LA REUNION,2026-02-01
2026-02,974,LA REUNION,04,LA REUNION,Taux d’incapacité entre 50% et 79%,11478,LA REUNION/LA REUNION,2026-02-01
2022-09,974,LA REUNION,04,LA REUNION,Taux d’incapacité supérieur ou égal à 80%,11953,LA REUNION/LA REUNION,2022-09-01
2023-03,974,LA REUNION,04,LA REUNION,Taux d’incapacité supérieur ou égal à 80%,11748,LA REUNION/LA REUNION,2023-03-01
2022-11,974,LA REUNION,04,LA REUNION,Taux d’incapacité entre 50% et 79%,9756,LA REUNION/LA REUNION,2022-11-01
2023-04,974,LA REUNION,04,LA REUNION,Taux d’incapacité supérieur ou égal à 80%,11870,LA REUNION/LA REUNION,2023-04-01
2023-02,974,LA REUNION,04,LA REUNION,Taux d’incapacité supérieur ou égal à 80%,11735,LA REUNION/LA REUNION,2023-02-01
2023-01,974,LA REUNION,04,LA REUNION,Taux d’incapacité supérieur ou égal à 80%,11736,LA REUNION/LA REUNION,2023-01-01
2022-07,974,LA REUNION,04,LA REUNION,Taux d’incapacité entre 50% et 79%,9716,LA REUNION/LA REUNION,2022-07-01
2022-06,974,LA REUNION,04,LA REUNION,Taux d’incapacité entre 50% et 79%,9687,LA REUNION/LA REUNION,2022-06-01
2023-12,974,LA REUNION,04,LA REUNION,Taux d’incapacité entre 50% et 79%,10435,LA REUNION/LA REUNION,2023-12-01
2023-08,974,LA REUNION,04,LA REUNION,Taux d’incapacité entre 50% et 79%,10075,LA REUNION/LA REUNION,2023-08-01
2023-07,974,LA REUNION,04,LA REUNION,Taux d’incapacité supérieur ou égal à 80%,11837,LA REUNION/LA REUNION,2023-07-01
2021-06,974,LA REUNION,04,LA REUNION,Taux d’incapacité supérieur ou égal à 80%,12111,LA REUNION/LA REUNION,2021-06-01
2025-01,974,LA REUNION,04,LA REUNION,Taux d’incapacité supérieur ou égal à 80%,11468,LA REUNION/LA REUNION,2025-01-01
2025-01,974,LA REUNION,04,LA REUNION,Taux d’incapacité entre 50% et 79%,11088,LA REUNION/LA REUNION,2025-01-01
2024-10,974,LA REUNION,04,LA REUNION,Taux d’incapacité entre 50% et 79%,11031,LA REUNION/LA REUNION,2024-10-01
2024-08,974,LA REUNION,04,LA REUNION,Taux d’incapacité entre 50% et 79%,10959,LA REUNION/LA REUNION,2024-08-01
2024-05,974,LA REUNION,04,LA REUNION,Taux d’incapacité supérieur ou égal à 80%,11894,LA REUNION/LA REUNION,2024-05-01
2025-05,974,LA REUNION,04,LA REUNION,Taux d’incapacité supérieur ou égal à 80%,11604,LA REUNION/LA REUNION,2025-05-01
2024-07,974,LA REUNION,04,LA REUNION,Taux d’incapacité entre 50% et 79%,10932,LA REUNION/LA REUNION,2024-07-01
2022-03,974,LA REUNION,04,LA REUNION,Taux d’incapacité entre 50% et 79%,9612,LA REUNION/LA REUNION,2022-03-01
2022-02,974,LA REUNION,04,LA REUNION,Taux d’incapacité entre 50% et 79%,9517,LA REUNION/LA REUNION,2022-02-01
2022-01,974,LA REUNION,04,LA REUNION,Taux d’incapacité supérieur ou égal à 80%,11811,LA REUNION/LA REUNION,2022-01-01
2020-02,974,LA REUNION,04,LA REUNION,Taux d’incapacité entre 50% et 79%,8789,LA REUNION/LA REUNION,2020-02-01
2020-06,974,LA REUNION,04,LA REUNION,Taux d’incapacité supérieur ou égal à 80%,11938,LA REUNION/LA REUNION,2020-06-01
2020-06,974,LA REUNION,04,LA REUNION,Taux d’incapacité entre 50% et 79%,9040,LA REUNION/LA REUNION,2020-06-01
2020-08,974,LA REUNION,04,LA REUNION,Taux d’incapacité entre 50% et 79%,9073,LA REUNION/LA REUNION,2020-08-01
2020-07,974,LA REUNION,04,LA REUNION,Taux d’incapacité entre 50% et 79%,9052,LA REUNION/LA REUNION,2020-07-01
2020-03,974,LA REUNION,04,LA REUNION,Taux d’incapacité supérieur ou égal à 80%,11777,LA REUNION/LA REUNION,2020-03-01
2025-08,974,LA REUNION,04,LA REUNION,Taux d’incapacité supérieur ou égal à 80%,11615,LA REUNION/LA REUNION,2025-08-01
2026-01,974,LA REUNION,04,LA REUNION,Taux d’incapacité supérieur ou égal à 80%,11414,LA REUNION/LA REUNION,2026-01-01
2021-02,974,LA REUNION,04,LA REUNION,Taux d’incapacité entre 50% et 79%,9217,LA REUNION/LA REUNION,2021-02-01
2020-12,974,LA REUNION,04,LA REUNION,Taux d’incapacité supérieur ou égal à 80%,12082,LA REUNION/LA REUNION,2020-12-01
2020-12,974,LA REUNION,04,LA REUNION,Taux d’incapacité entre 50% et 79%,9119,LA REUNION/LA REUNION,2020-12-01
2020-11,974,LA REUNION,04,LA REUNION,Taux d’incapacité supérieur ou égal à 80%,12062,LA REUNION/LA REUNION,2020-11-01
2020-10,974,LA REUNION,04,LA REUNION,Taux d’incapacité supérieur ou égal à 80%,12071,LA REUNION/LA REUNION,2020-10-01
2016-08,974,LA REUNION,04,LA REUNION,Taux d’incapacité supérieur ou égal à 80%,10324,LA REUNION/LA REUNION,2016-08-01
2019-10,974,LA REUNION,04,LA REUNION,Taux d’incapacité entre 50% et 79%,8819,LA REUNION/LA REUNION,2019-10-01
2019-05,974,LA REUNION,04,LA REUNION,Taux d’incapacité entre 50% et 79%,8670,LA REUNION/LA REUNION,2019-05-01
2019-04,974,LA REUNION,04,LA REUNION,Taux d’incapacité supérieur ou égal à 80%,11727,LA REUNION/LA REUNION,2019-04-01
2019-03,974,LA REUNION,04,LA REUNION,Taux d’incapacité entre 50% et 79%,8586,LA REUNION/LA REUNION,2019-03-01
2019-01,974,LA REUNION,04,LA REUNION,Taux d’incapacité entre 50% et 79%,8539,LA REUNION/LA REUNION,2019-01-01
2018-05,974,LA REUNION,04,LA REUNION,Taux d’incapacité entre 50% et 79%,8499,LA REUNION/LA REUNION,2018-05-01
2017-06,974,LA REUNION,04,LA REUNION,Taux d’incapacité entre 50% et 79%,8246,LA REUNION/LA REUNION,2017-06-01
2017-03,974,LA REUNION,04,LA REUNION,Taux d’incapacité supérieur ou égal à 80%,10633,LA REUNION/LA REUNION,2017-03-01
2016-12,974,LA REUNION,04,LA REUNION,Taux d’incapacité supérieur ou égal à 80%,10546,LA REUNION/LA REUNION,2016-12-01
2016-09,974,LA REUNION,04,LA REUNION,Taux d’incapacité supérieur ou égal à 80%,10396,LA REUNION/LA REUNION,2016-09-01
2017-04,974,LA REUNION,04,LA REUNION,Taux d’incapacité supérieur ou égal à 80%,10727,LA REUNION/LA REUNION,2017-04-01
2016-11,974,LA REUNION,04,LA REUNION,Taux d’incapacité entre 50% et 79%,7980,LA REUNION/LA REUNION,2016-11-01
2017-08,974,LA REUNION,04,LA REUNION,Taux d’incapacité supérieur ou égal à 80%,10946,LA REUNION/LA REUNION,2017-08-01
2017-08,974,LA REUNION,04,LA REUNION,Taux d’incapacité entre 50% et 79%,8329,LA REUNION/LA REUNION,2017-08-01
2019-05,974,LA REUNION,04,LA REUNION,Taux d’incapacité supérieur ou égal à 80%,11764,LA REUNION/LA REUNION,2019-05-01
2018-08,974,LA REUNION,04,LA REUNION,Taux d’incapacité supérieur ou égal à 80%,11469,LA REUNION/LA REUNION,2018-08-01
2018-08,974,LA REUNION,04,LA REUNION,Taux d’incapacité entre 50% et 79%,8488,LA REUNION/LA REUNION,2018-08-01
2018-06,974,LA REUNION,04,LA REUNION,Taux d’incapacité entre 50% et 79%,8512,LA REUNION/LA REUNION,2018-06-01
2018-04,974,LA REUNION,04,LA REUNION,Taux d’incapacité entre 50% et 79%,8493,LA REUNION/LA REUNION,2018-04-01
2018-01,974,LA REUNION,04,LA REUNION,Taux d’incapacité supérieur ou égal à 80%,11116,LA REUNION/LA REUNION,2018-01-01
2019-11,974,LA REUNION,04,LA REUNION,Taux d’incapacité entre 50% et 79%,8820,LA REUNION/LA REUNION,2019-11-01
2020-01,974,LA REUNION,04,LA REUNION,Taux d’incapacité supérieur ou égal à 80%,11703,LA REUNION/LA REUNION,2020-01-01
2017-10,974,LA REUNION,04,LA REUNION,Taux d’incapacité supérieur ou égal à 80%,11046,LA REUNION/LA REUNION,2017-10-01
2017-10,974,LA REUNION,04,LA REUNION,Taux d’incapacité entre 50% et 79%,8407,LA REUNION/LA REUNION,2017-10-01
2024-03,974,LA REUNION,04,LA REUNION,Taux d’incapacité entre 50% et 79%,10766,LA REUNION/LA REUNION,2024-03-01
2023-10,974,LA REUNION,04,LA REUNION,Taux d’incapacité supérieur ou égal à 80%,11917,LA REUNION/LA REUNION,2023-10-01
2022-06,974,LA REUNION,04,LA REUNION,Taux d’incapacité supérieur ou égal à 80%,11924,LA REUNION/LA REUNION,2022-06-01
2022-09,974,LA REUNION,04,LA REUNION,Taux d’incapacité entre 50% et 79%,9765,LA REUNION/LA REUNION,2022-09-01
2023-04,974,LA REUNION,04,LA REUNION,Taux d’incapacité entre 50% et 79%,9909,LA REUNION/LA REUNION,2023-04-01
2023-01,974,LA REUNION,04,LA REUNION,Taux d’incapacité entre 50% et 79%,9780,LA REUNION/LA REUNION,2023-01-01
2022-12,974,LA REUNION,04,LA REUNION,Taux d’incapacité supérieur ou égal à 80%,11944,LA REUNION/LA REUNION,2022-12-01
2022-12,974,LA REUNION,04,LA REUNION,Taux d’incapacité entre 50% et 79%,9784,LA REUNION/LA REUNION,2022-12-01
2022-11,974,LA REUNION,04,LA REUNION,Taux d’incapacité supérieur ou égal à 80%,11942,LA REUNION/LA REUNION,2022-11-01
2022-10,974,LA REUNION,04,LA REUNION,Taux d’incapacité supérieur ou égal à 80%,11941,LA REUNION/LA REUNION,2022-10-01
2022-10,974,LA REUNION,04,LA REUNION,Taux d’incapacité entre 50% et 79%,9765,LA REUNION/LA REUNION,2022-10-01
2022-07,974,LA REUNION,04,LA REUNION,Taux d’incapacité supérieur ou égal à 80%,11947,LA REUNION/LA REUNION,2022-07-01
2021-10,974,LA REUNION,04,LA REUNION,Taux d’incapacité supérieur ou égal à 80%,12084,LA REUNION/LA REUNION,2021-10-01
2021-10,974,LA REUNION,04,LA REUNION,Taux d’incapacité entre 50% et 79%,9501,LA REUNION/LA REUNION,2021-10-01
2021-08,974,LA REUNION,04,LA REUNION,Taux d’incapacité entre 50% et 79%,9478,LA REUNION/LA REUNION,2021-08-01
2019-11,974,LA REUNION,04,LA REUNION,Taux d’incapacité supérieur ou égal à 80%,11974,LA REUNION/LA REUNION,2019-11-01
2022-03,974,LA REUNION,04,LA REUNION,Taux d’incapacité supérieur ou égal à 80%,11835,LA REUNION/LA REUNION,2022-03-01
2022-01,974,LA REUNION,04,LA REUNION,Taux d’incapacité entre 50% et 79%,9497,LA REUNION/LA REUNION,2022-01-01
2021-11,974,LA REUNION,04,LA REUNION,Taux d’incapacité supérieur ou égal à 80%,12078,LA REUNION/LA REUNION,2021-11-01
2025-03,974,LA REUNION,04,LA REUNION,Taux d’incapacité entre 50% et 79%,11121,LA REUNION/LA REUNION,2025-03-01
2025-02,974,LA REUNION,04,LA REUNION,Taux d’incapacité supérieur ou égal à 80%,11524,LA REUNION/LA REUNION,2025-02-01
2024-04,974,LA REUNION,04,LA REUNION,Taux d’incapacité entre 50% et 79%,10838,LA REUNION/LA REUNION,2024-04-01
2024-02,974,LA REUNION,04,LA REUNION,Taux d’incapacité entre 50% et 79%,10637,LA REUNION/LA REUNION,2024-02-01
2023-11,974,LA REUNION,04,LA REUNION,Taux d’incapacité entre 50% et 79%,10314,LA REUNION/LA REUNION,2023-11-01
2023-09,974,LA REUNION,04,LA REUNION,Taux d’incapacité supérieur ou égal à 80%,11841,LA REUNION/LA REUNION,2023-09-01
2023-09,974,LA REUNION,04,LA REUNION,Taux d’incapacité entre 50% et 79%,10138,LA REUNION/LA REUNION,2023-09-01
2025-12,974,LA REUNION,04,LA REUNION,Taux d’incapacité supérieur ou égal à 80%,11625,LA REUNION/LA REUNION,2025-12-01
2025-12,974,LA REUNION,04,LA REUNION,Taux d’incapacité entre 50% et 79%,11456,LA REUNION/LA REUNION,2025-12-01
2025-11,974,LA REUNION,04,LA REUNION,Taux d’incapacité supérieur ou égal à 80%,11617,LA REUNION/LA REUNION,2025-11-01
2025-10,974,LA REUNION,04,LA REUNION,Taux d’incapacité supérieur ou égal à 80%,11610,LA REUNION/LA REUNION,2025-10-01
2025-09,974,LA REUNION,04,LA REUNION,Taux d’incapacité supérieur ou égal à 80%,11615,LA REUNION/LA REUNION,2025-09-01
2025-09,974,LA REUNION,04,LA REUNION,Taux d’incapacité entre 50% et 79%,11317,LA REUNION/LA REUNION,2025-09-01
2025-08,974,LA REUNION,04,LA REUNION,Taux d’incapacité entre 50% et 79%,11242,LA REUNION/LA REUNION,2025-08-01
2021-07,974,LA REUNION,04,LA REUNION,Taux d’incapacité entre 50% et 79%,9468,LA REUNION/LA REUNION,2021-07-01
2021-06,974,LA REUNION,04,LA REUNION,Taux d’incapacité entre 50% et 79%,9448,LA REUNION/LA REUNION,2021-06-01
2020-10,974,LA REUNION,04,LA REUNION,Taux d’incapacité entre 50% et 79%,9049,LA REUNION/LA REUNION,2020-10-01
2020-09,974,LA REUNION,04,LA REUNION,Taux d’incapacité supérieur ou égal à 80%,12029,LA REUNION/LA REUNION,2020-09-01
2017-01,974,LA REUNION,04,LA REUNION,Taux d’incapacité entre 50% et 79%,8043,LA REUNION/LA REUNION,2017-01-01
2016-11,974,LA REUNION,04,LA REUNION,Taux d’incapacité supérieur ou égal à 80%,10485,LA REUNION/LA REUNION,2016-11-01
2017-05,974,LA REUNION,04,LA REUNION,Taux d’incapacité supérieur ou égal à 80%,10782,LA REUNION/LA REUNION,2017-05-01
2017-03,974,LA REUNION,04,LA REUNION,Taux d’incapacité entre 50% et 79%,8127,LA REUNION/LA REUNION,2017-03-01
2017-02,974,LA REUNION,04,LA REUNION,Taux d’incapacité entre 50% et 79%,8093,LA REUNION/LA REUNION,2017-02-01
2016-09,974,LA REUNION,04,LA REUNION,Taux d’incapacité entre 50% et 79%,7909,LA REUNION/LA REUNION,2016-09-01
2016-07,974,LA REUNION,04,LA REUNION,Taux d’incapacité supérieur ou égal à 80%,10254,LA REUNION/LA REUNION,2016-07-01
2016-07,974,LA REUNION,04,LA REUNION,Taux d’incapacité entre 50% et 79%,7924,LA REUNION/LA REUNION,2016-07-01
2016-06,974,LA REUNION,04,LA REUNION,Taux d’incapacité supérieur ou égal à 80%,10142,LA REUNION/LA REUNION,2016-06-01
2016-06,974,LA REUNION,04,LA REUNION,Taux d’incapacité entre 50% et 79%,7957,LA REUNION/LA REUNION,2016-06-01
2016-08,974,LA REUNION,04,LA REUNION,Taux d’incapacité entre 50% et 79%,7908,LA REUNION/LA REUNION,2016-08-01
2019-12,974,LA REUNION,04,LA REUNION,Taux d’incapacité supérieur ou égal à 80%,11996,LA REUNION/LA REUNION,2019-12-01
2019-07,974,LA REUNION,04,LA REUNION,Taux d’incapacité supérieur ou égal à 80%,11704,LA REUNION/LA REUNION,2019-07-01
2019-06,974,LA REUNION,04,LA REUNION,Taux d’incapacité supérieur ou égal à 80%,11716,LA REUNION/LA REUNION,2019-06-01
2019-06,974,LA REUNION,04,LA REUNION,Taux d’incapacité entre 50% et 79%,8712,LA REUNION/LA REUNION,2019-06-01
2020-04,974,LA REUNION,04,LA REUNION,Taux d’incapacité supérieur ou égal à 80%,11840,LA REUNION/LA REUNION,2020-04-01
2020-05,974,LA REUNION,04,LA REUNION,Taux d’incapacité entre 50% et 79%,8966,LA REUNION/LA REUNION,2020-05-01
2018-09,974,LA REUNION,04,LA REUNION,Taux d’incapacité supérieur ou égal à 80%,11494,LA REUNION/LA REUNION,2018-09-01
2018-10,974,LA REUNION,04,LA REUNION,Taux d’incapacité entre 50% et 79%,8498,LA REUNION/LA REUNION,2018-10-01
2018-06,974,LA REUNION,04,LA REUNION,Taux d’incapacité supérieur ou égal à 80%,11425,LA REUNION/LA REUNION,2018-06-01
2018-02,974,LA REUNION,04,LA REUNION,Taux d’incapacité supérieur ou égal à 80%,11163,LA REUNION/LA REUNION,2018-02-01
2020-03,974,LA REUNION,04,LA REUNION,Taux d’incapacité entre 50% et 79%,8810,LA REUNION/LA REUNION,2020-03-01
2020-02,974,LA REUNION,04,LA REUNION,Taux d’incapacité supérieur ou égal à 80%,11728,LA REUNION/LA REUNION,2020-02-01
2018-04,974,LA REUNION,04,LA REUNION,Taux d’incapacité supérieur ou égal à 80%,11324,LA REUNION/LA REUNION,2018-04-01
2018-03,974,LA REUNION,04,LA REUNION,Taux d’incapacité entre 50% et 79%,8466,LA REUNION/LA REUNION,2018-03-01
2018-02,974,LA REUNION,04,LA REUNION,Taux d’incapacité entre 50% et 79%,8424,LA REUNION/LA REUNION,2018-02-01
2018-01,974,LA REUNION,04,LA REUNION,Taux d’incapacité entre 50% et 79%,8409,LA REUNION/LA REUNION,2018-01-01
2017-12,974,LA REUNION,04,LA REUNION,Taux d’incapacité entre 50% et 79%,8429,LA REUNION/LA REUNION,2017-12-01
2017-11,974,LA REUNION,04,LA REUNION,Taux d’incapacité entre 50% et 79%,8420,LA REUNION/LA REUNION,2017-11-01
2017-07,974,LA REUNION,04,LA REUNION,Taux d’incapacité entre 50% et 79%,8265,LA REUNION/LA REUNION,2017-07-01
2018-12,974,LA REUNION,04,LA REUNION,Taux d’incapacité supérieur ou égal à 80%,11665,LA REUNION/LA REUNION,2018-12-01
2018-12,974,LA REUNION,04,LA REUNION,Taux d’incapacité entre 50% et 79%,8557,LA REUNION/LA REUNION,2018-12-01
2024-09,974,LA REUNION,04,LA REUNION,Taux d’incapacité supérieur ou égal à 80%,11853,LA REUNION/LA REUNION,2024-09-01
2024-09,974,LA REUNION,04,LA REUNION,Taux d’incapacité entre 50% et 79%,11019,LA REUNION/LA REUNION,2024-09-01
2024-05,974,LA REUNION,04,LA REUNION,Taux d’incapacité entre 50% et 79%,10902,LA REUNION/LA REUNION,2024-05-01
2023-07,974,LA REUNION,04,LA REUNION,Taux d’incapacité entre 50% et 79%,10029,LA REUNION/LA REUNION,2023-07-01
2023-06,974,LA REUNION,04,LA REUNION,Taux d’incapacité supérieur ou égal à 80%,11865,LA REUNION/LA REUNION,2023-06-01
2023-06,974,LA REUNION,04,LA REUNION,Taux d’incapacité entre 50% et 79%,10013,LA REUNION/LA REUNION,2023-06-01
2023-05,974,LA REUNION,04,LA REUNION,Taux d’incapacité supérieur ou égal à 80%,11865,LA REUNION/LA REUNION,2023-05-01
2024-07,974,LA REUNION,04,LA REUNION,Taux d’incapacité supérieur ou égal à 80%,11864,LA REUNION/LA REUNION,2024-07-01
2024-06,974,LA REUNION,04,LA REUNION,Taux d’incapacité supérieur ou égal à 80%,11888,LA REUNION/LA REUNION,2024-06-01
2024-08,974,LA REUNION,04,LA REUNION,Taux d’incapacité supérieur ou égal à 80%,11860,LA REUNION/LA REUNION,2024-08-01
2025-07,974,LA REUNION,04,LA REUNION,Taux d’incapacité supérieur ou égal à 80%,11593,LA REUNION/LA REUNION,2025-07-01
2025-07,974,LA REUNION,04,LA REUNION,Taux d’incapacité entre 50% et 79%,11171,LA REUNION/LA REUNION,2025-07-01
2025-06,974,LA REUNION,04,LA REUNION,Taux d’incapacité supérieur ou égal à 80%,11614,LA REUNION/LA REUNION,2025-06-01
2025-06,974,LA REUNION,04,LA REUNION,Taux d’incapacité entre 50% et 79%,11178,LA REUNION/LA REUNION,2025-06-01
2021-05,974,LA REUNION,04,LA REUNION,Taux d’incapacité supérieur ou égal à 80%,12110,LA REUNION/LA REUNION,2021-05-01
2021-05,974,LA REUNION,04,LA REUNION,Taux d’incapacité entre 50% et 79%,9397,LA REUNION/LA REUNION,2021-05-01
2022-05,974,LA REUNION,04,LA REUNION,Taux d’incapacité supérieur ou égal à 80%,11922,LA REUNION/LA REUNION,2022-05-01
2022-05,974,LA REUNION,04,LA REUNION,Taux d’incapacité entre 50% et 79%,9688,LA REUNION/LA REUNION,2022-05-01
2022-04,974,LA REUNION,04,LA REUNION,Taux d’incapacité supérieur ou égal à 80%,11923,LA REUNION/LA REUNION,2022-04-01
2020-11,974,LA REUNION,04,LA REUNION,Taux d’incapacité entre 50% et 79%,9054,LA REUNION/LA REUNION,2020-11-01
2021-04,974,LA REUNION,04,LA REUNION,Taux d’incapacité supérieur ou égal à 80%,12106,LA REUNION/LA REUNION,2021-04-01
2025-04,974,LA REUNION,04,LA REUNION,Taux d’incapacité supérieur ou égal à 80%,11594,LA REUNION/LA REUNION,2025-04-01
2025-04,974,LA REUNION,04,LA REUNION,Taux d’incapacité entre 50% et 79%,11161,LA REUNION/LA REUNION,2025-04-01
2025-03,974,LA REUNION,04,LA REUNION,Taux d’incapacité supérieur ou égal à 80%,11550,LA REUNION/LA REUNION,2025-03-01
2025-02,974,LA REUNION,04,LA REUNION,Taux d’incapacité entre 50% et 79%,11130,LA REUNION/LA REUNION,2025-02-01
2024-12,974,LA REUNION,04,LA REUNION,Taux d’incapacité supérieur ou égal à 80%,11811,LA REUNION/LA REUNION,2024-12-01
2024-12,974,LA REUNION,04,LA REUNION,Taux d’incapacité entre 50% et 79%,11100,LA REUNION/LA REUNION,2024-12-01
2024-11,974,LA REUNION,04,LA REUNION,Taux d’incapacité supérieur ou égal à 80%,11810,LA REUNION/LA REUNION,2024-11-01
2024-11,974,LA REUNION,04,LA REUNION,Taux d’incapacité entre 50% et 79%,11053,LA REUNION/LA REUNION,2024-11-01
2024-10,974,LA REUNION,04,LA REUNION,Taux d’incapacité supérieur ou égal à 80%,11822,LA REUNION/LA REUNION,2024-10-01
2021-08,974,LA REUNION,04,LA REUNION,Taux d’incapacité supérieur ou égal à 80%,12093,LA REUNION/LA REUNION,2021-08-01
2021-02,974,LA REUNION,04,LA REUNION,Taux d’incapacité supérieur ou égal à 80%,12025,LA REUNION/LA REUNION,2021-02-01
2021-01,974,LA REUNION,04,LA REUNION,Taux d’incapacité supérieur ou égal à 80%,11997,LA REUNION/LA REUNION,2021-01-01
2021-01,974,LA REUNION,04,LA REUNION,Taux d’incapacité entre 50% et 79%,9172,LA REUNION/LA REUNION,2021-01-01
2021-12,974,LA REUNION,04,LA REUNION,Taux d’incapacité supérieur ou égal à 80%,12068,LA REUNION/LA REUNION,2021-12-01
2021-12,974,LA REUNION,04,LA REUNION,Taux d’incapacité entre 50% et 79%,9519,LA REUNION/LA REUNION,2021-12-01
2021-12,974,LA REUNION,04,LA REUNION,Taux d’incapacité entre 50% et 79%,1,LA REUNION/LA REUNION,2021-12-01
2021-11,974,LA REUNION,04,LA REUNION,Taux d’incapacité entre 50% et 79%,9523,LA REUNION/LA REUNION,2021-11-01
2021-09,974,LA REUNION,04,LA REUNION,Taux d’incapacité supérieur ou égal à 80%,12094,LA REUNION/LA REUNION,2021-09-01
2021-09,974,LA REUNION,04,LA REUNION,Taux d’incapacité entre 50% et 79%,9487,LA REUNION/LA REUNION,2021-09-01
2019-08,974,LA REUNION,04,LA REUNION,Taux d’incapacité supérieur ou égal à 80%,11738,LA REUNION/LA REUNION,2019-08-01
2019-08,974,LA REUNION,04,LA REUNION,Taux d’incapacité entre 50% et 79%,8773,LA REUNION/LA REUNION,2019-08-01
2019-03,974,LA REUNION,04,LA REUNION,Taux d’incapacité supérieur ou égal à 80%,11665,LA REUNION/LA REUNION,2019-03-01
2019-02,974,LA REUNION,04,LA REUNION,Taux d’incapacité supérieur ou égal à 80%,11641,LA REUNION/LA REUNION,2019-02-01
2019-02,974,LA REUNION,04,LA REUNION,Taux d’incapacité entre 50% et 79%,8553,LA REUNION/LA REUNION,2019-02-01
2019-12,974,LA REUNION,04,LA REUNION,Taux d’incapacité entre 50% et 79%,8842,LA REUNION/LA REUNION,2019-12-01
2019-07,974,LA REUNION,04,LA REUNION,Taux d’incapacité entre 50% et 79%,8722,LA REUNION/LA REUNION,2019-07-01
2017-05,974,LA REUNION,04,LA REUNION,Taux d’incapacité entre 50% et 79%,8203,LA REUNION/LA REUNION,2017-05-01
2017-04,974,LA REUNION,04,LA REUNION,Taux d’incapacité entre 50% et 79%,8175,LA REUNION/LA REUNION,2017-04-01
2017-02,974,LA REUNION,04,LA REUNION,Taux d’incapacité supérieur ou égal à 80%,10553,LA REUNION/LA REUNION,2017-02-01
2017-01,974,LA REUNION,04,LA REUNION,Taux d’incapacité supérieur ou égal à 80%,10490,LA REUNION/LA REUNION,2017-01-01
2016-12,974,LA REUNION,04,LA REUNION,Taux d’incapacité entre 50% et 79%,8013,LA REUNION/LA REUNION,2016-12-01
2016-10,974,LA REUNION,04,LA REUNION,Taux d’incapacité supérieur ou égal à 80%,10417,LA REUNION/LA REUNION,2016-10-01
2016-10,974,LA REUNION,04,LA REUNION,Taux d’incapacité entre 50% et 79%,7940,LA REUNION/LA REUNION,2016-10-01
2017-07,974,LA REUNION,04,LA REUNION,Taux d’incapacité supérieur ou égal à 80%,10873,LA REUNION/LA REUNION,2017-07-01
2017-06,974,LA REUNION,04,LA REUNION,Taux d’incapacité supérieur ou égal à 80%,10857,LA REUNION/LA REUNION,2017-06-01
2025-11,974,LA REUNION,04,LA REUNION,Taux d’incapacité entre 50% et 79%,11413,LA REUNION/LA REUNION,2025-11-01
2025-10,974,LA REUNION,04,LA REUNION,Taux d’incapacité entre 50% et 79%,11355,LA REUNION/LA REUNION,2025-10-01
2022-04,974,LA REUNION,04,LA REUNION,Taux d’incapacité entre 50% et 79%,9650,LA REUNION/LA REUNION,2022-04-01
2017-11,974,LA REUNION,04,LA REUNION,Taux d’incapacité supérieur ou égal à 80%,11108,LA REUNION/LA REUNION,2017-11-01
2017-09,974,LA REUNION,04,LA REUNION,Taux d’incapacité supérieur ou égal à 80%,10993,LA REUNION/LA REUNION,2017-09-01
2017-09,974,LA REUNION,04,LA REUNION,Taux d’incapacité entre 50% et 79%,8366,LA REUNION/LA REUNION,2017-09-01
2018-05,974,LA REUNION,04,LA REUNION,Taux d’incapacité supérieur ou égal à 80%,11388,LA REUNION/LA REUNION,2018-05-01
2018-03,974,LA REUNION,04,LA REUNION,Taux d’incapacité supérieur ou égal à 80%,11228,LA REUNION/LA REUNION,2018-03-01
2017-12,974,LA REUNION,04,LA REUNION,Taux d’incapacité supérieur ou égal à 80%,11175,LA REUNION/LA REUNION,2017-12-01
2018-11,974,LA REUNION,04,LA REUNION,Taux d’incapacité supérieur ou égal à 80%,11629,LA REUNION/LA REUNION,2018-11-01
2018-10,974,LA REUNION,04,LA REUNION,Taux d’incapacité supérieur ou égal à 80%,11542,LA REUNION/LA REUNION,2018-10-01
2018-09,974,LA REUNION,04,LA REUNION,Taux d’incapacité entre 50% et 79%,8495,LA REUNION/LA REUNION,2018-09-01
2018-07,974,LA REUNION,04,LA REUNION,Taux d’incapacité supérieur ou égal à 80%,11432,LA REUNION/LA REUNION,2018-07-01
2018-11,974,LA REUNION,04,LA REUNION,Taux d’incapacité entre 50% et 79%,8522,LA REUNION/LA REUNION,2018-11-01
2018-07,974,LA REUNION,04,LA REUNION,Taux d’incapacité entre 50% et 79%,8513,LA REUNION/LA REUNION,2018-07-01
2019-10,974,LA REUNION,04,LA REUNION,Taux d’incapacité supérieur ou égal à 80%,11815,LA REUNION/LA REUNION,2019-10-01
2019-09,974,LA REUNION,04,LA REUNION,Taux d’incapacité supérieur ou égal à 80%,11775,LA REUNION/LA REUNION,2019-09-01
2019-09,974,LA REUNION,04,LA REUNION,Taux d’incapacité entre 50% et 79%,8814,LA REUNION/LA REUNION,2019-09-01
2020-01,974,LA REUNION,04,LA REUNION,Taux d’incapacité entre 50% et 79%,8801,LA REUNION/LA REUNION,2020-01-01
2019-01,974,LA REUNION,04,LA REUNION,Taux d’incapacité supérieur ou égal à 80%,11615,LA REUNION/LA REUNION,2019-01-01
2019-04,974,LA REUNION,04,LA REUNION,Taux d’incapacité entre 50% et 79%,8627,LA REUNION/LA REUNION,2019-04-01
2022-02,974,LA REUNION,04,LA REUNION,Taux d’incapacité supérieur ou égal à 80%,11813,LA REUNION/LA REUNION,2022-02-01
2024-02,974,LA REUNION,04,LA REUNION,Taux d’incapacité supérieur ou égal à 80%,11667,LA REUNION/LA REUNION,2024-02-01
2024-01,974,LA REUNION,04,LA REUNION,Taux d’incapacité supérieur ou égal à 80%,11655,LA REUNION/LA REUNION,2024-01-01
2024-01,974,LA REUNION,04,LA REUNION,Taux d’incapacité entre 50% et 79%,10566,LA REUNION/LA REUNION,2024-01-01
2023-11,974,LA REUNION,04,LA REUNION,Taux d’incapacité supérieur ou égal à 80%,11942,LA REUNION/LA REUNION,2023-11-01
2023-10,974,LA REUNION,04,LA REUNION,Taux d’incapacité entre 50% et 79%,10264,LA REUNION/LA REUNION,2023-10-01
2023-05,974,LA REUNION,04,LA REUNION,Taux d’incapacité entre 50% et 79%,9941,LA REUNION/LA REUNION,2023-05-01
2024-04,974,LA REUNION,04,LA REUNION,Taux d’incapacité supérieur ou égal à 80%,11912,LA REUNION/LA REUNION,2024-04-01
2024-03,974,LA REUNION,04,LA REUNION,Taux d’incapacité supérieur ou égal à 80%,11682,LA REUNION/LA REUNION,2024-03-01
2023-12,974,LA REUNION,04,LA REUNION,Taux d’incapacité supérieur ou égal à 80%,11946,LA REUNION/LA REUNION,2023-12-01
2023-08,974,LA REUNION,04,LA REUNION,Taux d’incapacité supérieur ou égal à 80%,11841,LA REUNION/LA REUNION,2023-08-01
2024-06,974,LA REUNION,04,LA REUNION,Taux d’incapacité entre 50% et 79%,10918,LA REUNION/LA REUNION,2024-06-01
2022-08,974,LA REUNION,04,LA REUNION,Taux d’incapacité supérieur ou égal à 80%,11959,LA REUNION/LA REUNION,2022-08-01
2022-08,974,LA REUNION,04,LA REUNION,Taux d’incapacité entre 50% et 79%,9752,LA REUNION/LA REUNION,2022-08-01
2021-07,974,LA REUNION,04,LA REUNION,Taux d’incapacité supérieur ou égal à 80%,12101,LA REUNION/LA REUNION,2021-07-01
2026-01,974,LA REUNION,04,LA REUNION,Taux d’incapacité entre 50% et 79%,11459,LA REUNION/LA REUNION,2026-01-01
2025-05,974,LA REUNION,04,LA REUNION,Taux d’incapacité entre 50% et 79%,11140,LA REUNION/LA REUNION,2025-05-01
2021-04,974,LA REUNION,04,LA REUNION,Taux d’incapacité entre 50% et 79%,9339,LA REUNION/LA REUNION,2021-04-01
2021-03,974,LA REUNION,04,LA REUNION,Taux d’incapacité supérieur ou égal à 80%,12080,LA REUNION/LA REUNION,2021-03-01
2021-03,974,LA REUNION,04,LA REUNION,Taux d’incapacité entre 50% et 79%,9291,LA REUNION/LA REUNION,2021-03-01
2023-03,974,LA REUNION,04,LA REUNION,Taux d’incapacité entre 50% et 79%,9865,LA REUNION/LA REUNION,2023-03-01
2023-02,974,LA REUNION,04,LA REUNION,Taux d’incapacité entre 50% et 79%,9787,LA REUNION/LA REUNION,2023-02-01
2020-09,974,LA REUNION,04,LA REUNION,Taux d’incapacité entre 50% et 79%,9051,LA REUNION/LA REUNION,2020-09-01
2020-05,974,LA REUNION,04,LA REUNION,Taux d’incapacité supérieur ou égal à 80%,11884,LA REUNION/LA REUNION,2020-05-01
2020-04,974,LA REUNION,04,LA REUNION,Taux d’incapacité entre 50% et 79%,8893,LA REUNION/LA REUNION,2020-04-01
2020-08,974,LA REUNION,04,LA REUNION,Taux d’incapacité supérieur ou égal à 80%,11993,LA REUNION/LA REUNION,2020-08-01
2020-07,974,LA REUNION,04,LA REUNION,Taux d’incapacité supérieur ou égal à 80%,11949,LA REUNION/LA REUNION,2020-07-01
